[{"birth_date": "07-11-1993", "name": "J\u00fcrgen Locadia"}, {"birth_date": "13-02-1994", "name": "Memphis Depay"}, {"birth_date": "06-08-1983", "name": "Robin van Persie"}, {"birth_date": "15-12-1949", "name": "Ton Sijbrands"}, {"birth_date": "26-06-1960", "name": "Bram Moszkowicz"}, {"birth_date": "13-05-1953", "name": "Harm Wiersma"}, {"birth_date": "08-03-1989", "name": "Marloes Horst"}, {"birth_date": "13-05-1987", "name": "Marianne Vos"}, {"birth_date": "24-08-1979", "name": "Orlando Engelaar"}, {"birth_date": "02-07-1994", "name": "Menno Koch"}, {"birth_date": "27-09-1947", "name": "Dick Advocaat"}, {"birth_date": "24-01-1984", "name": "Boy Waterman"}, {"birth_date": "29-10-1970", "name": "Phillip Cocu"}, {"birth_date": "01-04-1944", "name": "Gerrit Berveling"}, {"birth_date": "25-04-1947", "name": "Johan Cruijff"}, {"birth_date": "13-05-1988", "name": "Bibiane Schoofs"}, {"birth_date": "27-04-1984", "name": "Eva Simons"}, {"birth_date": "07-03-1936", "name": "Pyt Kramer"}, {"birth_date": "06-11-1968", "name": "Edward Linskens"}, {"birth_date": "23-04-1947", "name": "Wil Burgmeijer"}, {"birth_date": "18-08-1978", "name": "Monique de Wilt"}, {"birth_date": "07-05-1966", "name": "Rob Reekers"}, {"birth_date": "27-04-1987", "name": "Hans Mulder"}, {"birth_date": "12-08-1983", "name": "Klaas-Jan Huntelaar"}, {"birth_date": "21-02-1951", "name": "Loek Geeraedts"}, {"birth_date": "22-10-1983", "name": "Glenn Loovens"}, {"birth_date": "31-08-1978", "name": "Tineke Postma"}, {"birth_date": "19-02-1966", "name": "Paul Haarhuis"}, {"birth_date": "31-01-1938", "name": "Beatrix der Nederlanden"}, {"birth_date": "31-01-1956", "name": "Guido van Rossum"}, {"birth_date": "08-03-1964", "name": "Mariska Hulscher"}, {"birth_date": "06-05-1961", "name": "Frans Timmermans"}, {"birth_date": "23-09-1944", "name": "Peter Nottet"}, {"birth_date": "03-05-1973", "name": "Michael Reiziger"}, {"birth_date": "13-01-1994", "name": "Anass Achahbar"}, {"birth_date": "16-09-1944", "name": "Ard Schenk"}, {"birth_date": "22-09-1961", "name": "Lucia de Berk"}, {"birth_date": "06-01-1966", "name": "Waldemar Kamer"}, {"birth_date": "23-01-1984", "name": "Arjen Robben"}, {"birth_date": "17-03-1953", "name": "Vic Hermans"}, {"birth_date": "21-08-1989", "name": "Charlison Benschop"}, {"birth_date": "22-06-1953", "name": "Wim Eijk"}, {"birth_date": "01-07-1976", "name": "Ruud van Nistelrooij"}, {"birth_date": "12-08-1967", "name": "Regilio Tuur"}, {"birth_date": "08-04-1975", "name": "Anouk"}, {"birth_date": "21-04-1961", "name": "Ronald Florijn"}, {"birth_date": "01-02-1962", "name": "Nico Rienks"}, {"birth_date": "13-01-1966", "name": "Leo Visser"}, {"birth_date": "31-03-1964", "name": "Monique Knol"}, {"birth_date": "23-03-1932", "name": "Henk Visser"}, {"birth_date": "01-06-1983", "name": "Raffa\u00ebla Paton"}, {"birth_date": "06-06-1982", "name": "Yvonne Wisse"}, {"birth_date": "21-07-1955", "name": "Taco"}, {"birth_date": "22-07-1918", "name": "Pim Lier"}, {"birth_date": "04-08-1957", "name": "Hilbert van der Duim"}, {"birth_date": "25-08-1966", "name": "Christine Aaftink"}, {"birth_date": "14-02-1967", "name": "Mark Rutte"}, {"birth_date": "29-09-1983", "name": "Jhon van Beukering"}, {"birth_date": "08-09-1993", "name": "Piotr Parzyszek"}, {"birth_date": "24-05-1929", "name": "Marie-C\u00e9cile Moerdijk"}, {"birth_date": "25-12-1976", "name": "Armin van Buuren"}, {"birth_date": "05-12-1944", "name": "Jeroen Krabb\u00e9"}, {"birth_date": "14-07-1984", "name": "Mounir El Hamdaoui"}, {"birth_date": "05-06-1990", "name": "Wouter Spoelman"}, {"birth_date": "15-05-1979", "name": "Erik van den Doel"}, {"birth_date": "15-02-1984", "name": "Erik Cad\u00e9e"}, {"birth_date": "14-11-1994", "name": "Robin van Kampen"}, {"birth_date": "29-07-1963", "name": "Yge Visser"}, {"birth_date": "06-04-1989", "name": "Robin Swinkels"}, {"birth_date": "04-04-1973", "name": "Peter Hoekstra"}, {"birth_date": "28-09-1946", "name": "Gerard Kleisterlee"}, {"birth_date": "02-02-1958", "name": "Franke Sloothaak"}, {"birth_date": "13-09-1985", "name": "Christian Kum"}, {"birth_date": "13-07-1964", "name": "Frans Maas"}, {"birth_date": "17-03-1956", "name": "Paul van der Sterren"}, {"birth_date": "11-08-1973", "name": "Karel van der Weide"}, {"birth_date": "06-05-1957", "name": "Richard Budding"}, {"birth_date": "02-05-1961", "name": "Hein Vergeer"}, {"birth_date": "05-09-1957", "name": "Peter Winnen"}, {"birth_date": "27-04-1948", "name": "Hans van Helden"}, {"birth_date": "18-05-1958", "name": "Jacques van Meer"}, {"birth_date": "01-05-1971", "name": "Ruud Janssen"}, {"birth_date": "17-07-1960", "name": "Britta B\u00f6hler"}, {"birth_date": "07-12-1963", "name": "Theo Snelders"}, {"birth_date": "23-11-1941", "name": "Sipko Melissen"}, {"birth_date": "05-02-1979", "name": "Maarten Solleveld"}, {"birth_date": "10-11-1968", "name": "Daphne Deckers"}, {"birth_date": "19-02-1975", "name": "Katja Schuurman"}, {"birth_date": "09-10-1943", "name": "Peter Faber"}, {"birth_date": "12-01-1959", "name": "Mike van Diem"}, {"birth_date": "11-07-1970", "name": "Jaco Geurts"}, {"birth_date": "01-03-1956", "name": "Norbert Klein"}, {"birth_date": "11-02-1965", "name": "Step Vaessen"}, {"birth_date": "15-11-1992", "name": "Jody Lukoki"}, {"birth_date": "20-12-1967", "name": "Satyendra Pakhale"}, {"birth_date": "20-03-1960", "name": "Ton Roosendaal"}, {"birth_date": "01-01-1943", "name": "Keith van Rijsbergen"}, {"birth_date": "29-09-1958", "name": "Mark Overmars"}, {"birth_date": "01-01-1961", "name": "Bram Moolenaar"}, {"birth_date": "01-01-1951", "name": "Wietse Venema"}, {"birth_date": "14-01-1991", "name": "Ninos Gouriye"}, {"birth_date": "09-10-1968", "name": "Mona Keijzer"}, {"birth_date": "05-08-1977", "name": "Pieter Heerma"}, {"birth_date": "21-10-1973", "name": "Agnes Mulder"}, {"birth_date": "11-01-1979", "name": "Beatriz Ramo"}, {"birth_date": "23-11-1981", "name": "Stefan Groothuis"}, {"birth_date": "14-01-1945", "name": "Kees Bakels"}, {"birth_date": "01-06-1966", "name": "Sven Rothenberger"}, {"birth_date": "01-01-1944", "name": "Werner Janssen"}, {"birth_date": "01-01-1927", "name": "Stefan Radt"}, {"birth_date": "21-10-1958", "name": "Andre Geim"}, {"birth_date": "06-09-1963", "name": "Geert Wilders"}, {"birth_date": "23-01-1985", "name": "Doutzen Kroes"}, {"birth_date": "23-04-1986", "name": "Sven Kramer"}, {"birth_date": "27-01-1985", "name": "Karim El Ahmadi"}, {"birth_date": "09-06-1960", "name": "Carlo Beenakker"}, {"birth_date": "15-11-1960", "name": "Farah Karimi"}, {"birth_date": "09-08-1973", "name": "Bert Hiemstra"}, {"birth_date": "10-03-1978", "name": "Arenda Grimberg"}, {"birth_date": "10-09-1976", "name": "Reinder Nummerdor"}, {"birth_date": "15-07-1963", "name": "Xandra Schutte"}, {"birth_date": "20-06-1950", "name": "Peter Bos"}, {"birth_date": "08-03-1981", "name": "Joost Posthuma"}, {"birth_date": "16-03-1942", "name": "Gijs van Lennep"}, {"birth_date": "20-12-1954", "name": "Wim Crusio"}, {"birth_date": "09-06-1984", "name": "Wesley Sneijder"}, {"birth_date": "22-10-1970", "name": "Winston Bogarde"}, {"birth_date": "13-06-1991", "name": "Ricardo van Rhijn"}, {"birth_date": "05-04-1980", "name": "Joris Mathijsen"}, {"birth_date": "20-12-1976", "name": "Karina de Wit"}, {"birth_date": "01-01-1941", "name": "Rob van Kreeveld"}, {"birth_date": "30-07-1972", "name": "Dennis Looze"}, {"birth_date": "06-12-1960", "name": "Diederik Wissels"}, {"birth_date": "22-04-1989", "name": "Jasper Cillessen"}, {"birth_date": "19-12-1991", "name": "Steven Berghuis"}, {"birth_date": "16-10-1986", "name": "Derk Boerrigter"}, {"birth_date": "10-01-1986", "name": "Kenneth Vermeer"}, {"birth_date": "24-09-1991", "name": "Lorenzo Ebecilio"}, {"birth_date": "09-03-1990", "name": "Daley Blind"}, {"birth_date": "14-05-1993", "name": "Ilan Boccara"}, {"birth_date": "07-05-1993", "name": "Stefano Denswil"}, {"birth_date": "02-04-1993", "name": "Lesley de Sa"}, {"birth_date": "15-01-1992", "name": "Jo\u00ebl Veltman"}, {"birth_date": "18-07-1938", "name": "Paul Verhoeven"}, {"birth_date": "03-08-1993", "name": "Fabian Sporkslede"}, {"birth_date": "15-01-1991", "name": "Danny Hoesen"}, {"birth_date": "31-01-1992", "name": "Dico Koppers"}, {"birth_date": "09-02-1993", "name": "Mitchell Dijks"}, {"birth_date": "24-05-1992", "name": "Ruben Ligeon"}, {"birth_date": "21-02-1993", "name": "Davy Klaassen"}, {"birth_date": "18-10-1991", "name": "Roly Bonevacia"}, {"birth_date": "03-01-1991", "name": "Jerson Cabral"}, {"birth_date": "05-01-1960", "name": "Peter Oskam"}, {"birth_date": "01-01-1942", "name": "Klaas Dankert"}, {"birth_date": "03-04-1973", "name": "Michel Rog"}, {"birth_date": "14-03-1995", "name": "Sandy Walsh"}, {"birth_date": "01-09-1957", "name": "Wolter Wierbos"}, {"birth_date": "07-05-1956", "name": "Jan Peter Balkenende"}, {"birth_date": "13-11-1976", "name": "Bob de Jong"}, {"birth_date": "11-01-1991", "name": "Lorenzo Burnet"}, {"birth_date": "08-07-1991", "name": "Virgil van Dijk"}, {"birth_date": "05-08-1990", "name": "Johan Kappelhof"}, {"birth_date": "03-12-1933", "name": "Paul Crutzen"}, {"birth_date": "31-08-1992", "name": "Giliano Wijnaldum"}, {"birth_date": "18-12-1993", "name": "Thomas Lam"}, {"birth_date": "31-01-1993", "name": "Fernando Lewis"}, {"birth_date": "06-01-1949", "name": "Rudolf van den Berg"}, {"birth_date": "29-11-1964", "name": "Kenneth Monkou"}, {"birth_date": "10-07-1985", "name": "Koen van der Biezen"}, {"birth_date": "14-12-1951", "name": "Jan Timman"}, {"birth_date": "26-02-1968", "name": "Robin Ammerlaan"}, {"birth_date": "24-08-1975", "name": "Mark de Vries"}, {"birth_date": "09-03-1993", "name": "Zakaria Labyad"}, {"birth_date": "15-05-1948", "name": "Niels Overweg"}, {"birth_date": "17-09-1989", "name": "Roi Miedema"}, {"birth_date": "11-05-1974", "name": "DJ Zany"}, {"birth_date": "08-11-1968", "name": "Zara Whites"}, {"birth_date": "05-07-1937", "name": "Jo de Roo"}, {"birth_date": "10-08-1990", "name": "Mikhail Rosheuvel"}, {"birth_date": "22-03-1994", "name": "Jean-Paul Bo\u00ebtius"}, {"birth_date": "31-08-1945", "name": "Henk Houwaart"}, {"birth_date": "20-02-1948", "name": "Mathieu Pustjens"}, {"birth_date": "22-04-1977", "name": "Mark van Bommel"}, {"birth_date": "09-03-1975", "name": "Roy Makaay"}, {"birth_date": "15-06-1988", "name": "Donny Gorter"}, {"birth_date": "03-08-1989", "name": "Nick Viergever"}, {"birth_date": "05-04-1987", "name": "Eti\u00ebnne Reijnen"}, {"birth_date": "13-04-1988", "name": "Dirk Marcellis"}, {"birth_date": "27-04-1967", "name": "Willem-Alexander der Nederlanden"}, {"birth_date": "04-03-1929", "name": "Bernard Haitink"}, {"birth_date": "31-07-1933", "name": "Cees Nooteboom"}, {"birth_date": "02-08-1942", "name": "Leo Beenhakker"}, {"birth_date": "03-12-1932", "name": "Corry Brokken"}, {"birth_date": "01-10-1949", "name": "Andr\u00e9 Rieu"}, {"birth_date": "07-05-1939", "name": "Ruud Lubbers"}, {"birth_date": "04-06-1957", "name": "Peter Houtman"}, {"birth_date": "11-02-1983", "name": "Rafael van der Vaart"}, {"birth_date": "16-12-1962", "name": "Maruschka Detmers"}, {"birth_date": "28-03-1956", "name": "Mario van der Ende"}, {"birth_date": "02-04-1986", "name": "Ibrahim Afellay"}, {"birth_date": "05-08-1947", "name": "Sef Vergoossen"}, {"birth_date": "17-12-1952", "name": "Ed Starink"}, {"birth_date": "01-10-1980", "name": "Kim-Lian van der Meij"}, {"birth_date": "23-01-1958", "name": "Ieke Moerdijk"}, {"birth_date": "17-03-1984", "name": "Raphael Maitimo"}, {"birth_date": "04-02-1983", "name": "Tonnie Cusell"}, {"birth_date": "02-04-1984", "name": "Beorn Nijenhuis"}, {"birth_date": "06-08-1953", "name": "Stella Maessen"}, {"birth_date": "26-11-1931", "name": "Ad Simonis"}, {"birth_date": "28-01-1988", "name": "Mitchell Schet"}, {"birth_date": "24-06-1990", "name": "Kelvin Leerdam"}, {"birth_date": "08-06-1986", "name": "Lex Immers"}, {"birth_date": "30-09-1962", "name": "Frank Rijkaard"}, {"birth_date": "06-05-1971", "name": "Carla Dik-Faber"}, {"birth_date": "28-04-1989", "name": "Ruud Boymans"}, {"birth_date": "05-05-1988", "name": "Erik Falkenburg"}, {"birth_date": "20-07-1993", "name": "Adam Maher"}, {"birth_date": "16-04-1979", "name": "Christijan Albers"}, {"birth_date": "02-06-1956", "name": "Jan Lammers"}, {"birth_date": "08-10-1954", "name": "Huub Rothengatter"}, {"birth_date": "15-09-1971", "name": "Annamarie Thomas"}, {"birth_date": "02-10-1949", "name": "Michael Bleekemolen"}, {"birth_date": "03-05-1949", "name": "Boy Hayje"}, {"birth_date": "12-12-1948", "name": "Roelof Wunderink"}, {"birth_date": "28-05-1938", "name": "Eppie Wietzes"}, {"birth_date": "09-12-1936", "name": "Ben Pon"}, {"birth_date": "23-09-1981", "name": "Robert Doornbos"}, {"birth_date": "04-03-1972", "name": "Jos Verstappen"}, {"birth_date": "05-02-1975", "name": "Giovanni van Bronckhorst"}, {"birth_date": "16-04-1949", "name": "Hendrik Lenstra"}, {"birth_date": "01-09-1962", "name": "Ruud Gullit"}, {"birth_date": "28-02-1979", "name": "Remco van der Schaaf"}, {"birth_date": "01-01-1953", "name": "Carel van Schaik"}, {"birth_date": "13-01-1958", "name": "Ton du Chatinier"}, {"birth_date": "07-01-1982", "name": "Kim Staelens"}, {"birth_date": "06-09-1952", "name": "Yvonne Keeley"}, {"birth_date": "19-10-1967", "name": "Louis de Koning"}, {"birth_date": "24-12-1968", "name": "Wolter Kroes"}, {"birth_date": "21-12-1983", "name": "Nikki"}, {"birth_date": "10-08-1935", "name": "Ad van Luyn"}, {"birth_date": "08-07-1970", "name": "Lia van Schie"}, {"birth_date": "07-08-1990", "name": "Tom Beugelsdijk"}, {"birth_date": "14-05-1992", "name": "Stanley Elbers"}, {"birth_date": "17-04-1993", "name": "Kevin Tano"}, {"birth_date": "16-01-1981", "name": "Paul Mulders"}, {"birth_date": "08-04-1992", "name": "Kevin Jansen"}, {"birth_date": "13-02-1989", "name": "Dion Malone"}, {"birth_date": "04-06-1988", "name": "Tjaronn Chery"}, {"birth_date": "06-11-1991", "name": "Mike van Duinen"}, {"birth_date": "05-08-1982", "name": "Gino Coutinho"}, {"birth_date": "28-08-1987", "name": "Rydell Poepon"}, {"birth_date": "28-10-1987", "name": "Aaron Meijers"}, {"birth_date": "04-04-1989", "name": "Jens Toornstra"}, {"birth_date": "16-11-1988", "name": "Vito Wormgoor"}, {"birth_date": "31-12-1987", "name": "Danny Holla"}, {"birth_date": "22-12-1987", "name": "Roy Beerens"}, {"birth_date": "19-07-1988", "name": "Kevin Visser"}, {"birth_date": "29-05-1977", "name": "Erik Heijblok"}, {"birth_date": "22-09-1982", "name": "Maarten Stekelenburg"}, {"birth_date": "17-01-1969", "name": "Ti\u00ebsto"}, {"birth_date": "19-12-1986", "name": "Ryan Babel"}, {"birth_date": "05-07-1946", "name": "Gerard 't Hooft"}, {"birth_date": "13-03-1973", "name": "Edgar Davids"}, {"birth_date": "11-07-1965", "name": "Ernesto Hoost"}, {"birth_date": "11-08-1988", "name": "Irfan Bachdim"}, {"birth_date": "10-05-1969", "name": "Dennis Bergkamp"}, {"birth_date": "30-11-1984", "name": "Nigel de Jong"}, {"birth_date": "12-12-1983", "name": "Thomas Rabou"}, {"birth_date": "06-12-1971", "name": "Carole Thate"}, {"birth_date": "24-11-1948", "name": "Hans Westerhof"}, {"birth_date": "01-07-1976", "name": "Patrick Kluivert"}, {"birth_date": "11-03-1920", "name": "Nico Bloembergen"}, {"birth_date": "05-11-1964", "name": "Famke Janssen"}, {"birth_date": "28-12-1981", "name": "Khalid Boulahrouz"}, {"birth_date": "21-03-1963", "name": "Ronald Koeman"}, {"birth_date": "02-09-1986", "name": "Willie Overtoom"}, {"birth_date": "07-08-1992", "name": "Alex Schalk"}, {"birth_date": "27-04-1990", "name": "Lu\u00eds Pedro"}, {"birth_date": "23-04-1991", "name": "Pel\u00e9 van Anholt"}, {"birth_date": "08-06-1992", "name": "Mike te Wierik"}, {"birth_date": "28-09-1966", "name": "Judith Merkies"}, {"birth_date": "13-11-1991", "name": "Jeffrey Bruma"}, {"birth_date": "01-01-1951", "name": "Romy Haag"}, {"birth_date": "23-12-1990", "name": "Jaap van Duijn"}, {"birth_date": "05-02-1992", "name": "Stefan de Vrij"}, {"birth_date": "03-03-1989", "name": "Erwin Mulder"}, {"birth_date": "04-05-1983", "name": "Robert Zwinkels"}, {"birth_date": "11-05-1988", "name": "Ruud Vormer"}, {"birth_date": "19-01-1991", "name": "Charlton Vicento"}, {"birth_date": "22-07-1989", "name": "Daryl Janmaat"}, {"birth_date": "05-12-1990", "name": "Abel Tamata"}, {"birth_date": "09-07-1969", "name": "Gert-Jan Segers"}, {"birth_date": "18-04-1986", "name": "Guyon Fernandez"}, {"birth_date": "30-04-1979", "name": "Ronald Graafland"}, {"birth_date": "25-09-1986", "name": "Wesley Verhoek"}, {"birth_date": "08-02-1992", "name": "Bruno Martins Indi"}, {"birth_date": "27-06-1991", "name": "Jordy Clasie"}, {"birth_date": "07-01-1992", "name": "Thomas Bruns"}, {"birth_date": "03-02-1988", "name": "Gregory van der Wiel"}, {"birth_date": "18-07-1986", "name": "Thijs van Amerongen"}, {"birth_date": "13-02-1987", "name": "Eljero Elia"}, {"birth_date": "01-03-1927", "name": "Theodorus Dekker"}, {"birth_date": "27-06-1931", "name": "Martinus Veltman"}, {"birth_date": "06-07-1983", "name": "Vato Gonzalez"}, {"birth_date": "14-09-1974", "name": "Patrick van Balkom"}, {"birth_date": "08-08-1951", "name": "Louis van Gaal"}, {"birth_date": "12-07-1974", "name": "Sharon den Adel"}, {"birth_date": "11-07-1974", "name": "Andr\u00e9 Ooijer"}, {"birth_date": "20-10-1983", "name": "Michel Vorm"}, {"birth_date": "17-01-1990", "name": "Kaj Ramsteijn"}, {"birth_date": "08-04-1983", "name": "Edson Braafheid"}, {"birth_date": "11-01-1984", "name": "Stijn Schaars"}, {"birth_date": "02-04-1989", "name": "Christian Supusepa"}, {"birth_date": "11-08-1947", "name": "Wilma van den Berg"}, {"birth_date": "29-04-1975", "name": "Delano Hill"}, {"birth_date": "03-01-1995", "name": "Tonny Trindade de Vilhena"}, {"birth_date": "16-02-1985", "name": "Ron Vlaar"}, {"birth_date": "23-01-1944", "name": "Rutger Hauer"}, {"birth_date": "26-05-1983", "name": "Demy de Zeeuw"}, {"birth_date": "13-11-1969", "name": "Ayaan Hirsi Ali"}, {"birth_date": "13-02-1985", "name": "Hedwiges Maduro"}, {"birth_date": "17-07-1972", "name": "Jaap Stam"}, {"birth_date": "10-06-1983", "name": "Kees Kwakman"}, {"birth_date": "07-08-1991", "name": "Mitchell te Vrede"}, {"birth_date": "27-07-1988", "name": "John Goossens"}, {"birth_date": "03-04-1982", "name": "Ruben Schaken"}, {"birth_date": "14-02-1994", "name": "Terence Kongolo"}, {"birth_date": "10-03-1991", "name": "Marco Bizot"}, {"birth_date": "22-09-1990", "name": "Miquel Nelom"}, {"birth_date": "29-03-1973", "name": "Marc Overmars"}, {"birth_date": "14-12-1964", "name": "Ingrid Paul"}, {"birth_date": "11-07-1964", "name": "Ingrid Haringa"}, {"birth_date": "15-05-1970", "name": "Frank de Boer"}, {"birth_date": "04-03-1937", "name": "Zoni Weisz"}, {"birth_date": "24-06-1960", "name": "Ren\u00e9 Temmink"}, {"birth_date": "29-09-1938", "name": "Wim Kok"}, {"birth_date": "07-11-1978", "name": "Jan Vennegoor of Hesselink"}, {"birth_date": "25-06-1958", "name": "Oscar van Dillen"}, {"birth_date": "12-09-1985", "name": "Headhunterz"}, {"birth_date": "27-03-1972", "name": "Jimmy Floyd Hasselbaink"}, {"birth_date": "10-07-1974", "name": "Andrea Nuyt"}, {"birth_date": "30-11-1956", "name": "Roelof Bisschop"}, {"birth_date": "21-03-1946", "name": "Eddy Verheijen"}, {"birth_date": "21-07-1967", "name": "Reinette Klever"}, {"birth_date": "19-07-1973", "name": "Xander de Buisonj\u00e9"}, {"birth_date": "10-08-1987", "name": "Sylvano Comvalius"}, {"birth_date": "21-01-1950", "name": "Agnes van Ardenne"}, {"birth_date": "22-03-1965", "name": "Jacob van Rijs"}, {"birth_date": "24-08-1973", "name": "Inge de Bruijn"}, {"birth_date": "28-09-1988", "name": "Esm\u00e9e Denters"}, {"birth_date": "21-10-1921", "name": "Ingrid van Houten-Groeneveld"}, {"birth_date": "09-01-1989", "name": "Micha\u00eblla Krajicek"}, {"birth_date": "17-11-1944", "name": "Rem Koolhaas"}, {"birth_date": "05-09-1976", "name": "Carice van Houten"}, {"birth_date": "08-12-1981", "name": "Azra Akin"}, {"birth_date": "23-09-1984", "name": "Anneliese van der Pol"}, {"birth_date": "15-09-1951", "name": "Johan Neeskens"}, {"birth_date": "22-02-1950", "name": "Lenny Kuhr"}, {"birth_date": "08-03-1973", "name": "Anneke van Giersbergen"}, {"birth_date": "22-03-1970", "name": "Leontien van Moorsel"}, {"birth_date": "19-07-1941", "name": "Neelie Kroes"}, {"birth_date": "02-01-1968", "name": "Anky van Grunsven"}, {"birth_date": "07-01-1978", "name": "Janine Jansen"}, {"birth_date": "01-05-1964", "name": "Yvonne van Gennip"}, {"birth_date": "07-02-1985", "name": "Ewout Genemans"}, {"birth_date": "21-09-1987", "name": "Femke Heemskerk"}, {"birth_date": "17-01-1985", "name": "Simone Simons"}, {"birth_date": "18-08-1985", "name": "Inge Dekker"}, {"birth_date": "26-04-1981", "name": "Caro Emerald"}, {"birth_date": "16-04-1940", "name": "Paul Cox"}, {"birth_date": "01-04-1992", "name": "Sieneke Peeters"}, {"birth_date": "12-02-1970", "name": "Bryan Roy"}, {"birth_date": "19-09-1969", "name": "Candy Dulfer"}, {"birth_date": "01-04-1986", "name": "Ireen W\u00fcst"}, {"birth_date": "10-12-1991", "name": "Kiki Bertens"}, {"birth_date": "13-12-1990", "name": "Arantxa Rus"}, {"birth_date": "20-12-1983", "name": "Lara Stone"}, {"birth_date": "29-02-1964", "name": "Ellen Pieters"}, {"birth_date": "01-06-1970", "name": "Karen Mulder"}, {"birth_date": "05-02-1985", "name": "Robert Lijesen"}, {"birth_date": "05-10-1950", "name": "Laura Gemser"}, {"birth_date": "31-05-1980", "name": "Edith Bosch"}, {"birth_date": "31-10-1980", "name": "Marcel Meeuwis"}, {"birth_date": "09-02-1966", "name": "Ellen van Langen"}, {"birth_date": "11-02-1987", "name": "Ellen van Dijk"}, {"birth_date": "04-01-1980", "name": "Bobbi Eden"}, {"birth_date": "07-10-1967", "name": "Ellen ten Damme"}, {"birth_date": "06-02-1992", "name": "Eva Lubbers"}, {"birth_date": "29-01-1989", "name": "Kadene Vassell"}, {"birth_date": "22-06-1987", "name": "Lisa Lois"}, {"birth_date": "31-08-1986", "name": "Manon Melis"}, {"birth_date": "19-11-1979", "name": "Peter Wisgerhof"}, {"birth_date": "05-05-1991", "name": "Robin de Kruijf"}, {"birth_date": "15-12-1989", "name": "Paco van Moorsel"}, {"birth_date": "26-06-1990", "name": "Maikel Kieftenbeld"}, {"birth_date": "21-08-1991", "name": "Leandro Bacuna"}, {"birth_date": "07-10-1986", "name": "Michael de Leeuw"}, {"birth_date": "14-03-1965", "name": "Jean Paul de Bruijn"}, {"birth_date": "03-07-1939", "name": "Jan van Munster"}, {"birth_date": "05-05-1948", "name": "Bella Hage"}, {"birth_date": "20-03-1988", "name": "Moniek Nijhuis"}, {"birth_date": "06-12-1968", "name": "Arnold Merkies"}, {"birth_date": "27-01-1989", "name": "Ricky van Wolfswinkel"}, {"birth_date": "28-02-1979", "name": "Sander van Doorn"}, {"birth_date": "17-10-1955", "name": "Ren\u00e9 Kos"}, {"birth_date": "21-02-1981", "name": "Floor Jansen"}, {"birth_date": "22-09-1988", "name": "Jo\u00ebl Tshibamba"}, {"birth_date": "28-01-1942", "name": "Sjoukje Dijkstra"}, {"birth_date": "03-12-1984", "name": "Hind Laroussi"}, {"birth_date": "12-10-1984", "name": "Manu Dagher"}, {"birth_date": "20-11-1984", "name": "Monique van der Vorst"}, {"birth_date": "08-02-1933", "name": "Elly Ameling"}, {"birth_date": "07-08-1988", "name": "Erik Pieters"}, {"birth_date": "27-12-1975", "name": "Patrick Paauwe"}, {"birth_date": "10-11-1970", "name": "Danny Nelissen"}, {"birth_date": "24-06-1945", "name": "Betty St\u00f6ve"}, {"birth_date": "18-07-1981", "name": "Esther Vergeer"}, {"birth_date": "01-01-1953", "name": "Nahed Selim"}, {"birth_date": "06-01-1989", "name": "Nicky Romero"}, {"birth_date": "03-08-1953", "name": "Marlene Dumas"}, {"birth_date": "11-12-1951", "name": "Ria Stalman"}, {"birth_date": "18-10-1973", "name": "Marrit Leenstra"}, {"birth_date": "16-12-1973", "name": "Kristie Boogert"}, {"birth_date": "10-03-1974", "name": "Keren Ann"}, {"birth_date": "21-09-1953", "name": "Arie Luyendyk"}, {"birth_date": "05-08-1939", "name": "Irene van Lippe-Biesterfeld"}, {"birth_date": "04-10-1981", "name": "Sarah Siegelaar"}, {"birth_date": "10-08-1987", "name": "Laurine van Riessen"}, {"birth_date": "31-07-1979", "name": "Nicolien Sauerbreij"}, {"birth_date": "17-06-1964", "name": "Ricardo Moniz"}, {"birth_date": "19-05-1961", "name": "Wayne van Dorp"}, {"birth_date": "21-01-1970", "name": "Marian van de Wal"}, {"birth_date": "20-08-1974", "name": "Deborah Gravenstijn"}, {"birth_date": "04-03-1959", "name": "Romeo Zondervan"}, {"birth_date": "22-08-1979", "name": "Mia Audina"}, {"birth_date": "11-10-1985", "name": "Annette Gerritsen"}, {"birth_date": "04-02-1974", "name": "Mijntje Donners"}, {"birth_date": "02-06-1966", "name": "Petra van Staveren"}, {"birth_date": "08-12-1967", "name": "Junkie XL"}, {"birth_date": "17-07-1969", "name": "Karin Brienesse"}, {"birth_date": "08-07-1974", "name": "Dana van Dreven"}, {"birth_date": "25-05-1966", "name": "Laurentien Brinkhorst"}, {"birth_date": "15-10-1982", "name": "Kirsten Wild"}, {"birth_date": "19-01-1943", "name": "Margriet der Nederlanden"}, {"birth_date": "11-08-1968", "name": "Mabel Wisse Smit"}, {"birth_date": "02-06-1959", "name": "Rineke Dijkstra"}, {"birth_date": "28-12-1970", "name": "Brenda Schultz-McCarthy"}, {"birth_date": "15-05-1970", "name": "Ronald de Boer"}, {"birth_date": "08-10-1976", "name": "Renate Groenewold"}, {"birth_date": "13-02-1984", "name": "Hinkelien Schreuder"}, {"birth_date": "04-02-1981", "name": "Paulien van Deutekom"}, {"birth_date": "02-11-1980", "name": "Karin Ruckstuhl"}, {"birth_date": "06-06-1964", "name": "Nelli Cooman"}, {"birth_date": "06-06-1947", "name": "Ada Kok"}, {"birth_date": "15-08-1976", "name": "Boudewijn Zenden"}, {"birth_date": "08-05-1968", "name": "Zhaoqin Peng"}, {"birth_date": "18-10-1955", "name": "Rita Verdonk"}, {"birth_date": "13-04-1978", "name": "Sylvie Meis"}, {"birth_date": "29-10-1923", "name": "Gerda van der Kade-Koudijs"}, {"birth_date": "26-01-1955", "name": "Eddie van Halen"}, {"birth_date": "27-08-1955", "name": "Laura Fygi"}, {"birth_date": "23-05-1959", "name": "Marcella Mesker"}, {"birth_date": "21-11-1941", "name": "Margriet de Moor"}, {"birth_date": "08-06-1980", "name": "Sita Vermeulen"}, {"birth_date": "19-09-1966", "name": "Maya Hakvoort"}, {"birth_date": "22-07-1982", "name": "EliZe"}, {"birth_date": "20-05-1938", "name": "Stien Kaiser"}, {"birth_date": "09-09-1972", "name": "Miriam Oremans"}, {"birth_date": "03-04-1948", "name": "Jaap de Hoop Scheffer"}, {"birth_date": "30-11-1975", "name": "Linda Wagenmakers"}, {"birth_date": "03-07-1975", "name": "Barbara Snellenburg"}, {"birth_date": "14-03-1946", "name": "Mieke Bal"}, {"birth_date": "15-01-1977", "name": "Marja Vis"}, {"birth_date": "08-11-1976", "name": "Sylvia Karres"}, {"birth_date": "14-05-1941", "name": "Ada den Haan"}, {"birth_date": "17-07-1960", "name": "Jan Wouters"}, {"birth_date": "16-06-1975", "name": "Willemijn Verkaik"}, {"birth_date": "29-09-1987", "name": "Joska Le Cont\u00e9"}, {"birth_date": "10-10-1978", "name": "Wende Snijders"}, {"birth_date": "05-12-1955", "name": "Marianne Weber"}, {"birth_date": "02-04-1964", "name": "Nadezhda Wijenberg"}, {"birth_date": "16-07-1965", "name": "Patricia Remak"}, {"birth_date": "30-11-1979", "name": "Annemieke Kiesel-Griffioen"}, {"birth_date": "04-10-1995", "name": "Ralf Mackenbach"}, {"birth_date": "10-06-1979", "name": "TINKEBELL"}, {"birth_date": "01-06-1991", "name": "Amy Pieters"}, {"birth_date": "16-09-1974", "name": "Loona"}, {"birth_date": "28-08-1959", "name": "Sjaak Troost"}, {"birth_date": "22-05-1984", "name": "Peter Jungschl\u00e4ger"}, {"birth_date": "23-05-1990", "name": "Hugo van den Berg"}, {"birth_date": "25-09-1989", "name": "Cuco Martina"}, {"birth_date": "02-04-1929", "name": "Frans Andriessen"}, {"birth_date": "17-07-1974", "name": "Tonny de Jong"}, {"birth_date": "27-03-1977", "name": "Tommie van der Leegte"}, {"birth_date": "07-03-1974", "name": "Joost Volmer"}, {"birth_date": "01-01-1953", "name": "Ate de Jong"}, {"birth_date": "01-01-1950", "name": "Kees Boeke"}, {"birth_date": "07-06-1979", "name": "Kevin Hofland"}, {"birth_date": "16-06-1957", "name": "Adri van Tiggelen"}, {"birth_date": "01-01-1943", "name": "Paulien Hogeweg"}, {"birth_date": "12-06-1971", "name": "Peter Beets"}, {"birth_date": "19-06-1978", "name": "Glennis Grace"}, {"birth_date": "02-11-1985", "name": "Johan Wigger"}, {"birth_date": "25-03-1991", "name": "Wilco Kelderman"}, {"birth_date": "06-08-1982", "name": "Sergio van Dijk"}, {"birth_date": "05-06-1931", "name": "Kees Kievit"}, {"birth_date": "14-05-1973", "name": "Mike van de Goor"}, {"birth_date": "04-06-1991", "name": "Rajiv van La Parra"}, {"birth_date": "02-11-1984", "name": "Arnold Kruiswijk"}, {"birth_date": "29-03-1991", "name": "Marten de Roon"}, {"birth_date": "13-03-1967", "name": "Pieter Vink"}, {"birth_date": "18-03-1975", "name": "Ester Workel"}, {"birth_date": "11-11-1985", "name": "Remona Fransen"}, {"birth_date": "22-08-1978", "name": "Helen Tanger"}, {"birth_date": "17-05-1975", "name": "Ashwin Balrak"}, {"birth_date": "08-04-1987", "name": "Royston Drenthe"}, {"birth_date": "25-04-1966", "name": "Femke Halsema"}, {"birth_date": "23-06-1979", "name": "Marilyn Agliotti"}, {"birth_date": "19-09-1985", "name": "Maartje Paumen"}, {"birth_date": "29-09-1944", "name": "Jappie van Dijk"}, {"birth_date": "31-01-1950", "name": "Sijtje van der Lende"}, {"birth_date": "04-03-1970", "name": "Caroline Vis"}, {"birth_date": "11-07-1979", "name": "Femke Dekker"}, {"birth_date": "15-07-1981", "name": "Annemiek de Haan"}, {"birth_date": "09-05-1970", "name": "Amber"}, {"birth_date": "08-10-1982", "name": "Annemiek van Vleuten"}, {"birth_date": "02-09-1960", "name": "Ruth Jacott"}, {"birth_date": "13-02-1985", "name": "Iderlindo Moreno Freire"}, {"birth_date": "04-12-1950", "name": "Trijnie Rep"}, {"birth_date": "13-02-1978", "name": "Tanja Nijmeijer"}, {"birth_date": "17-10-1950", "name": "Sandra Reemer"}, {"birth_date": "30-06-1986", "name": "Yvonne Hak"}, {"birth_date": "10-04-1964", "name": "Manon Bollegraf"}, {"birth_date": "23-12-1949", "name": "Els de Groen"}, {"birth_date": "06-05-1985", "name": "Anouk Hoogendijk"}, {"birth_date": "18-05-1973", "name": "Saskia Mulder"}, {"birth_date": "22-07-1980", "name": "Dirk Kuijt"}, {"birth_date": "09-02-1974", "name": "Jordi Cruijff"}, {"birth_date": "15-06-1978", "name": "Wilfred Bouma"}, {"birth_date": "30-03-1994", "name": "Jetro Willems"}, {"birth_date": "03-04-1988", "name": "Tim Krul"}, {"birth_date": "27-07-1991", "name": "\u00d6mer Bayram"}, {"birth_date": "16-09-1951", "name": "Ren\u00e9 van de Kerkhof"}, {"birth_date": "16-09-1951", "name": "Willy van de Kerkhof"}, {"birth_date": "20-10-1970", "name": "Sander Boschker"}, {"birth_date": "14-03-1978", "name": "Pieter van den Hoogenband"}, {"birth_date": "19-05-1952", "name": "Bert van Marwijk"}, {"birth_date": "22-12-1928", "name": "Corry Vreeken"}, {"birth_date": "26-04-1970", "name": "Eva-Maria Westbroek"}, {"birth_date": "09-07-1947", "name": "Jerney Kaagman"}, {"birth_date": "18-01-1963", "name": "Vera Pauw"}, {"birth_date": "01-01-1939", "name": "Aad Wagenaar"}, {"birth_date": "27-03-1947", "name": "Aad de Mos"}, {"birth_date": "30-04-1939", "name": "Pieter van Vollenhoven"}, {"birth_date": "12-04-1957", "name": "Ronald Plasterk"}, {"birth_date": "09-07-1983", "name": "Ben Saunders"}, {"birth_date": "30-08-1979", "name": "Faldir Chahbari"}, {"birth_date": "18-04-1965", "name": "Rob Stenders"}, {"birth_date": "02-03-1960", "name": "Roald van Noort"}, {"birth_date": "25-07-1943", "name": "Henk Woldring"}, {"birth_date": "25-12-1959", "name": "Ton Lokhoff"}, {"birth_date": "12-05-1968", "name": "Marco Ruitenbeek"}, {"birth_date": "19-03-1970", "name": "Aart Vierhouten"}, {"birth_date": "29-10-1948", "name": "Frans de Waal"}, {"birth_date": "21-11-1955", "name": "Ab Baars"}, {"birth_date": "17-03-1935", "name": "Ab Geldermans"}, {"birth_date": "02-11-1958", "name": "Ab Klink"}, {"birth_date": "23-04-1977", "name": "Bram Schmitz"}, {"birth_date": "18-01-1926", "name": "Hannie van Leeuwen"}, {"birth_date": "16-06-1977", "name": "Addy Engels"}, {"birth_date": "29-07-1951", "name": "Jan de Haan"}, {"birth_date": "06-12-1971", "name": "Richard Krajicek"}, {"birth_date": "16-01-1956", "name": "Martin Jol"}, {"birth_date": "13-02-1990", "name": "Kevin Strootman"}, {"birth_date": "27-10-1973", "name": "Semmy Schilt"}, {"birth_date": "16-06-1986", "name": "Urby Emanuelson"}, {"birth_date": "01-03-1967", "name": "Aron Winter"}, {"birth_date": "04-12-1973", "name": "Ferry Corsten"}, {"birth_date": "03-07-1947", "name": "Rob Rensenbrink"}, {"birth_date": "30-09-1979", "name": "Andy van der Meijde"}, {"birth_date": "29-11-1969", "name": "Pierre van Hooijdonk"}, {"birth_date": "01-01-1945", "name": "Lammert Bouke van der Meer"}, {"birth_date": "17-08-1980", "name": "Jan Kromkamp"}, {"birth_date": "15-04-1986", "name": "Quincy Owusu-Abeyie"}, {"birth_date": "24-03-1949", "name": "Ruud Krol"}, {"birth_date": "06-05-1976", "name": "Denny Landzaat"}, {"birth_date": "25-11-1951", "name": "Johnny Rep"}, {"birth_date": "13-09-1990", "name": "Luciano Narsingh"}, {"birth_date": "02-10-1928", "name": "Geert Hofstede"}, {"birth_date": "27-08-1991", "name": "Luuk de Jong"}, {"birth_date": "29-08-1990", "name": "Patrick van Aanholt"}, {"birth_date": "10-11-1945", "name": "Willi Lippens"}, {"birth_date": "28-03-1973", "name": "Bj\u00f6rn Kuipers"}, {"birth_date": "27-05-1990", "name": "Nacer Barazite"}, {"birth_date": "31-08-1970", "name": "Arie van Lent"}, {"birth_date": "15-08-1988", "name": "Oussama Assaidi"}, {"birth_date": "04-04-1989", "name": "Vurnon Anita"}, {"birth_date": "15-09-1978", "name": "Kew Jaliens"}, {"birth_date": "12-03-1956", "name": "Pim Verbeek"}, {"birth_date": "16-11-1948", "name": "Arie Haan"}, {"birth_date": "20-09-1961", "name": "Erwin Koeman"}, {"birth_date": "06-07-1932", "name": "Herman Hertzberger"}, {"birth_date": "02-02-1931", "name": "Dries van Agt"}, {"birth_date": "20-06-1981", "name": "Angerfist"}, {"birth_date": "31-12-1985", "name": "Jan Smit"}, {"birth_date": "04-10-1956", "name": "Hans van Breukelen"}, {"birth_date": "03-12-1946", "name": "Joop Zoetemelk"}, {"birth_date": "28-05-1940", "name": "Hans Dulfer"}, {"birth_date": "15-06-1971", "name": "Edwin Brienen"}, {"birth_date": "17-11-1952", "name": "Ties Kruize"}, {"birth_date": "16-04-1932", "name": "Henk Schouten"}, {"birth_date": "05-09-1967", "name": "Rein van Duijnhoven"}, {"birth_date": "27-06-1990", "name": "Laura van der Heijden"}, {"birth_date": "15-04-1956", "name": "Gert Timmerman"}, {"birth_date": "23-05-1972", "name": "Marco van Hoogdalem"}, {"birth_date": "19-01-1966", "name": "Pieter-Jan Belder"}, {"birth_date": "18-08-1987", "name": "Igor Sijsling"}, {"birth_date": "29-12-1953", "name": "Max Werner"}, {"birth_date": "21-03-1943", "name": "Hartmut Haenchen"}, {"birth_date": "28-06-1986", "name": "Willemijn Karsten"}, {"birth_date": "22-11-1965", "name": "Marcel van Eeden"}, {"birth_date": "08-03-1925", "name": "Piet Steenkamp"}, {"birth_date": "14-04-1984", "name": "Pearl van der Wissel"}, {"birth_date": "30-09-1979", "name": "Quido Lanzaat"}, {"birth_date": "01-01-1965", "name": "Will Sanders"}, {"birth_date": "17-10-1984", "name": "Jelle Klaasen"}, {"birth_date": "01-03-1970", "name": "Dirk van der Ven"}, {"birth_date": "01-01-1951", "name": "Hans Aarsman"}, {"birth_date": "16-09-1929", "name": "Hans Bouwmeester"}, {"birth_date": "01-06-1984", "name": "Olivier Tielemans"}, {"birth_date": "01-01-1953", "name": "Jaap Blonk"}, {"birth_date": "19-03-1993", "name": "Hakim Ziyech"}, {"birth_date": "07-04-1992", "name": "Doke Schmidt"}, {"birth_date": "05-08-1992", "name": "Arsenio Valpoort"}, {"birth_date": "26-09-1992", "name": "Renze Fij"}, {"birth_date": "17-06-1957", "name": "Jack Wouterse"}, {"birth_date": "18-02-1966", "name": "Ren\u00e9 van Eck"}, {"birth_date": "05-04-1948", "name": "Hans Theessink"}, {"birth_date": "01-09-1946", "name": "Johan Simons"}, {"birth_date": "24-04-1943", "name": "Dick Matena"}, {"birth_date": "26-01-1969", "name": "Rene Rooze"}, {"birth_date": "03-01-1974", "name": "Robert-Jan Derksen"}, {"birth_date": "20-11-1949", "name": "Ronald Augustin"}, {"birth_date": "26-04-1930", "name": "Lodewijk Woltjer"}, {"birth_date": "01-01-2000", "name": "Legowelt"}, {"birth_date": "17-12-1969", "name": "Rob Maas"}, {"birth_date": "03-05-1969", "name": "Olaf Stuger"}, {"birth_date": "07-04-1959", "name": "Cees Dekker"}, {"birth_date": "30-09-1974", "name": "Tycho van Meer"}, {"birth_date": "10-10-1972", "name": "Raymond Victoria"}, {"birth_date": "28-04-1962", "name": "Gerbrand Bakker"}, {"birth_date": "16-06-1975", "name": "Brigt Rykkje"}, {"birth_date": "06-01-1981", "name": "Noah Boeken"}, {"birth_date": "01-01-1965", "name": "Janneke Louisa"}, {"birth_date": "03-12-1971", "name": "Henk Timmer"}, {"birth_date": "08-11-1978", "name": "Tim de Cler"}, {"birth_date": "31-10-1978", "name": "Martin Verkerk"}, {"birth_date": "09-10-1979", "name": "Georgina Verbaan"}, {"birth_date": "08-06-1933", "name": "Jan Kruis"}, {"birth_date": "10-01-1939", "name": "Harrie Geelen"}, {"birth_date": "01-04-1950", "name": "Ed Nijpels"}, {"birth_date": "11-07-1952", "name": "Sippie Tigchelaar"}, {"birth_date": "07-02-1944", "name": "Berend-Jan van Voorst tot Voorst"}, {"birth_date": "05-11-1977", "name": "Maarten Tjallingii"}, {"birth_date": "24-08-1951", "name": "David Burnside"}, {"birth_date": "14-08-1957", "name": "Frits Schalij"}, {"birth_date": "15-10-1952", "name": "Christa Jaarsma"}, {"birth_date": "27-02-1959", "name": "Thea Limbach"}, {"birth_date": "03-06-1940", "name": "Heinz van Haaren"}, {"birth_date": "03-10-1983", "name": "Achmed Akkabi"}, {"birth_date": "01-01-1930", "name": "Ack van Rooyen"}, {"birth_date": "20-12-1966", "name": "Ed de Goeij"}, {"birth_date": "23-10-1974", "name": "Sander Westerveld"}, {"birth_date": "30-10-1948", "name": "Dick Voorn"}, {"birth_date": "19-10-1969", "name": "Danny Hesp"}, {"birth_date": "13-12-1982", "name": "Mohammed El Berkani"}, {"birth_date": "10-07-1946", "name": "Martin van Bruinessen"}, {"birth_date": "03-04-1915", "name": "Piet de Jong"}, {"birth_date": "01-01-1947", "name": "Ad Lagendijk"}, {"birth_date": "12-02-1956", "name": "Ad Melkert"}, {"birth_date": "01-01-1945", "name": "Ad Roland"}, {"birth_date": "12-07-1944", "name": "Ad van Kempen"}, {"birth_date": "01-01-1954", "name": "Peter Kooij"}, {"birth_date": "12-09-1972", "name": "Ferry de Haan"}, {"birth_date": "17-12-1980", "name": "Nuelson Wau"}, {"birth_date": "06-01-1951", "name": "Ben Knapen"}, {"birth_date": "02-11-1972", "name": "Alfred Schreuder"}, {"birth_date": "03-09-1964", "name": "Adam Curry"}, {"birth_date": "09-09-1987", "name": "Afrojack"}, {"birth_date": "11-08-1990", "name": "Lerin Duarte"}, {"birth_date": "31-07-1986", "name": "Milano Koenders"}, {"birth_date": "03-02-1990", "name": "Marko Vejinovi\u0107"}, {"birth_date": "28-01-1989", "name": "Siem de Jong"}, {"birth_date": "27-12-1979", "name": "Roy Curvers"}, {"birth_date": "28-08-1991", "name": "Bart Schenkeveld"}, {"birth_date": "08-11-1988", "name": "Jeroen Veldmate"}, {"birth_date": "17-09-1930", "name": "Theo Loevendie"}, {"birth_date": "05-06-1990", "name": "Ben Rienstra"}, {"birth_date": "20-05-1955", "name": "Anton Corbijn"}, {"birth_date": "30-10-1945", "name": "Fred Rompelberg"}, {"birth_date": "20-05-1969", "name": "Joop Wijn"}, {"birth_date": "12-11-1962", "name": "Wim Kieft"}, {"birth_date": "09-07-1971", "name": "Ger Senden"}, {"birth_date": "19-09-1941", "name": "Cornelius Schilder"}, {"birth_date": "12-10-1966", "name": "Wim Jonk"}, {"birth_date": "13-04-1943", "name": "Tim Krabb\u00e9"}, {"birth_date": "20-02-1944", "name": "Willem van Hanegem"}, {"birth_date": "27-12-1973", "name": "Kristoffer Zegers"}, {"birth_date": "27-02-1966", "name": "Afshin Ellian"}, {"birth_date": "02-06-1948", "name": "Ab Osterhaus"}, {"birth_date": "01-07-1942", "name": "Wim T. Schippers"}, {"birth_date": "04-11-1976", "name": "Mario Melchiot"}, {"birth_date": "27-10-1947", "name": "Jeroen van der Veer"}, {"birth_date": "25-01-1982", "name": "Peter van Agtmaal"}, {"birth_date": "08-07-1979", "name": "Adelinde Cornelissen"}, {"birth_date": "11-10-1969", "name": "Constantijn der Nederlanden"}, {"birth_date": "03-04-1945", "name": "Wim Deetman"}, {"birth_date": "09-01-1964", "name": "Hans van den Hende"}, {"birth_date": "30-05-1975", "name": "Harmen Jonkman"}, {"birth_date": "06-10-1986", "name": "Adil Auassar"}, {"birth_date": "13-05-1951", "name": "Guus Janssen"}, {"birth_date": "01-01-1952", "name": "Jos van Veldhoven"}, {"birth_date": "16-12-1962", "name": "Dennis van Wijk"}, {"birth_date": "13-05-1941", "name": "Imca Marina"}, {"birth_date": "01-11-1978", "name": "Danny Koevermans"}, {"birth_date": "18-01-1988", "name": "Boy van Poppel"}, {"birth_date": "17-03-1981", "name": "Gert-Jan Bruggink"}, {"birth_date": "31-05-1986", "name": "Robert Gesink"}, {"birth_date": "20-10-1971", "name": "Kamiel Maase"}, {"birth_date": "05-08-1981", "name": "Paul Jans"}, {"birth_date": "03-05-1983", "name": "Romeo Castelen"}, {"birth_date": "04-02-1971", "name": "Maarten Atmodikoro"}, {"birth_date": "08-03-1985", "name": "Haris Me\u0111unjanin"}, {"birth_date": "07-03-1968", "name": "Ed Warby"}, {"birth_date": "23-10-1950", "name": "Harry Sacksioni"}, {"birth_date": "22-02-1956", "name": "Gijs de Vries"}, {"birth_date": "01-01-2000", "name": "Bas Bron"}, {"birth_date": "26-10-1938", "name": "Peter van Nieuwenhuizen"}, {"birth_date": "03-10-1945", "name": "Jo Ritzen"}, {"birth_date": "01-01-2000", "name": "Gregorius Nekschot"}, {"birth_date": "25-02-1969", "name": "Leonard van Utrecht"}, {"birth_date": "02-10-1960", "name": "Pedro van Raamsdonk"}, {"birth_date": "27-09-1992", "name": "Luc Castaignos"}, {"birth_date": "14-10-1931", "name": "Rinus Bennaars"}, {"birth_date": "26-12-1960", "name": "Ruud Kaiser"}, {"birth_date": "09-04-1954", "name": "Luuk Balkestein"}, {"birth_date": "28-10-1960", "name": "Adriaan Geuze"}, {"birth_date": "25-01-1978", "name": "Robin Nelisse"}, {"birth_date": "14-06-1943", "name": "Piet Keizer"}, {"birth_date": "27-09-1988", "name": "Ronan van Zandbeek"}, {"birth_date": "13-01-1972", "name": "Ben Sonnemans"}, {"birth_date": "28-06-1971", "name": "Ray Slijngaard"}, {"birth_date": "06-08-1988", "name": "Isma\u00efl Aissati"}, {"birth_date": "15-12-1978", "name": "Mark Jansen"}, {"birth_date": "16-09-1951", "name": "Piet Schrijvers"}, {"birth_date": "06-03-1984", "name": "Dani\u00ebl de Ridder"}, {"birth_date": "30-01-1966", "name": "Aise Johan de Jong"}, {"birth_date": "14-12-1969", "name": "Arthur Numan"}, {"birth_date": "11-11-1990", "name": "Georginio Wijnaldum"}, {"birth_date": "13-09-1987", "name": "Jonathan de Guzman"}, {"birth_date": "11-02-1989", "name": "Alexander B\u00fcttner"}, {"birth_date": "31-03-1987", "name": "Nordin Amrabat"}, {"birth_date": "23-08-1966", "name": "Rik Smits"}, {"birth_date": "21-06-1964", "name": "Adrian van Hooydonk"}, {"birth_date": "25-08-1970", "name": "Ronald Waterreus"}, {"birth_date": "19-09-1945", "name": "Ren\u00e9 Appel"}, {"birth_date": "07-09-1977", "name": "Fedde le Grand"}, {"birth_date": "31-10-1965", "name": "Ruud Hesp"}, {"birth_date": "22-10-1943", "name": "Jan de Bont"}, {"birth_date": "15-10-1951", "name": "A.F.Th. van der Heijden"}, {"birth_date": "14-01-1963", "name": "Gert-Jan Theunisse"}, {"birth_date": "18-11-1954", "name": "Adrie Koster"}, {"birth_date": "19-10-1983", "name": "Adrie Visser"}, {"birth_date": "01-08-1953", "name": "Adrie van Kraaij"}, {"birth_date": "17-06-1959", "name": "Adrie van der Poel"}, {"birth_date": "04-05-1944", "name": "Dave"}, {"birth_date": "03-03-1988", "name": "Rens van Eijden"}, {"birth_date": "25-01-1968", "name": "Eric Orie"}, {"birth_date": "08-09-1966", "name": "Raymond Atteveld"}, {"birth_date": "30-07-1965", "name": "Sybrand van Haersma Buma"}, {"birth_date": "31-05-1989", "name": "Bas Dost"}, {"birth_date": "17-01-1987", "name": "Arjan van Dijk"}, {"birth_date": "11-05-1983", "name": "Tjeerd Korf"}, {"birth_date": "02-12-1942", "name": "Frans Wiertz"}, {"birth_date": "17-04-1955", "name": "Paul van Loon"}, {"birth_date": "19-10-1973", "name": "Marc Lotz"}, {"birth_date": "26-11-1986", "name": "Bauke Mollema"}, {"birth_date": "03-07-1984", "name": "Churandy Martina"}, {"birth_date": "09-12-1954", "name": "Henk ten Cate"}, {"birth_date": "19-05-1940", "name": "Jan Janssen"}, {"birth_date": "03-07-1962", "name": "Aernout Mik"}, {"birth_date": "12-12-1954", "name": "Kader Abdolah"}, {"birth_date": "18-10-1947", "name": "Job Cohen"}, {"birth_date": "27-10-1937", "name": "Auke de Vries"}, {"birth_date": "08-03-1957", "name": "Kathleen Ferrier"}, {"birth_date": "21-11-1937", "name": "Anton Zijderveld"}, {"birth_date": "18-02-1981", "name": "Youssef El Akchaoui"}, {"birth_date": "04-04-1940", "name": "Robby M\u00fcller"}, {"birth_date": "30-05-1946", "name": "Eddy Ouwens"}]
